train_team,train_seed,eval_team,eval_seed,r_0,r_0_std,r_1,r_1_std
MiniGrid-MultiRoom-N2-S4-v0,0,MiniGrid-MultiRoom-N2-S4-v0,1234,0.04375,0.13125001,0.83575,0.042750005
MiniGrid-MultiRoom-N2-S4-v0,0,MiniGrid-MultiRoom-N4-S5-v0,1234,0.0,0.0,0.14937499,0.29876056
MiniGrid-MultiRoom-N2-S4-v0,0,MiniGrid-MultiRoom-N6-v0,1234,0.0,0.0,0.0,0.0
MiniGrid-MultiRoom-N2-S4-v0,0,MiniGrid-MultiRoom-N2-S4-v0+MiniGrid-MultiRoom-N4-S5-v0,1234,0.037,0.111,0.618875,0.31508902
MiniGrid-MultiRoom-N2-S4-v0,0,MiniGrid-MultiRoom-N2-S4-v0+MiniGrid-MultiRoom-N6-v0,1234,0.0,0.0,0.25275,0.38647518
MiniGrid-MultiRoom-N2-S4-v0,0,MiniGrid-MultiRoom-N4-S5-v0+MiniGrid-MultiRoom-N6-v0,1234,0.0,0.0,0.15725,0.3145
MiniGrid-MultiRoom-N2-S4-v0,0,MiniGrid-MultiRoom-N2-S4-v0+MiniGrid-MultiRoom-N4-S5-v0+MiniGrid-MultiRoom-N6-v0,1234,0.0,0.0,0.23924999,0.36711892
MiniGrid-MultiRoom-N4-S5-v0,0,MiniGrid-MultiRoom-N2-S4-v0,1234,0.04375,0.13125001,0.0,0.0
MiniGrid-MultiRoom-N4-S5-v0,0,MiniGrid-MultiRoom-N4-S5-v0,1234,0.0,0.0,0.0,0.0
MiniGrid-MultiRoom-N4-S5-v0,0,MiniGrid-MultiRoom-N6-v0,1234,0.0,0.0,0.0,0.0
MiniGrid-MultiRoom-N4-S5-v0,0,MiniGrid-MultiRoom-N2-S4-v0+MiniGrid-MultiRoom-N4-S5-v0,1234,0.037,0.111,0.0,0.0
MiniGrid-MultiRoom-N4-S5-v0,0,MiniGrid-MultiRoom-N2-S4-v0+MiniGrid-MultiRoom-N6-v0,1234,0.0,0.0,0.0,0.0
MiniGrid-MultiRoom-N4-S5-v0,0,MiniGrid-MultiRoom-N4-S5-v0+MiniGrid-MultiRoom-N6-v0,1234,0.0,0.0,0.0,0.0
MiniGrid-MultiRoom-N4-S5-v0,0,MiniGrid-MultiRoom-N2-S4-v0+MiniGrid-MultiRoom-N4-S5-v0+MiniGrid-MultiRoom-N6-v0,1234,0.0,0.0,0.0,0.0
MiniGrid-MultiRoom-N6-v0,0,MiniGrid-MultiRoom-N2-S4-v0,1234,0.04375,0.13125001,0.0,0.0
MiniGrid-MultiRoom-N6-v0,0,MiniGrid-MultiRoom-N4-S5-v0,1234,0.0,0.0,0.0,0.0
MiniGrid-MultiRoom-N6-v0,0,MiniGrid-MultiRoom-N6-v0,1234,0.0,0.0,0.0,0.0
MiniGrid-MultiRoom-N6-v0,0,MiniGrid-MultiRoom-N2-S4-v0+MiniGrid-MultiRoom-N4-S5-v0,1234,0.037,0.111,0.0,0.0
MiniGrid-MultiRoom-N6-v0,0,MiniGrid-MultiRoom-N2-S4-v0+MiniGrid-MultiRoom-N6-v0,1234,0.0,0.0,0.0,0.0
MiniGrid-MultiRoom-N6-v0,0,MiniGrid-MultiRoom-N4-S5-v0+MiniGrid-MultiRoom-N6-v0,1234,0.0,0.0,0.0,0.0
MiniGrid-MultiRoom-N6-v0,0,MiniGrid-MultiRoom-N2-S4-v0+MiniGrid-MultiRoom-N4-S5-v0+MiniGrid-MultiRoom-N6-v0,1234,0.0,0.0,0.0,0.0
MiniGrid-MultiRoom-N2-S4-v0+MiniGrid-MultiRoom-N4-S5-v0,0,MiniGrid-MultiRoom-N2-S4-v0,1234,0.04375,0.13125001,0.82449996,0.0549295
MiniGrid-MultiRoom-N2-S4-v0+MiniGrid-MultiRoom-N4-S5-v0,0,MiniGrid-MultiRoom-N4-S5-v0,1234,0.0,0.0,0.73675,0.027648473
MiniGrid-MultiRoom-N2-S4-v0+MiniGrid-MultiRoom-N4-S5-v0,0,MiniGrid-MultiRoom-N6-v0,1234,0.0,0.0,0.19275,0.29580915
MiniGrid-MultiRoom-N2-S4-v0+MiniGrid-MultiRoom-N4-S5-v0,0,MiniGrid-MultiRoom-N2-S4-v0+MiniGrid-MultiRoom-N4-S5-v0,1234,0.037,0.111,0.764875,0.07333241
MiniGrid-MultiRoom-N2-S4-v0+MiniGrid-MultiRoom-N4-S5-v0,0,MiniGrid-MultiRoom-N2-S4-v0+MiniGrid-MultiRoom-N6-v0,1234,0.0,0.0,0.23025,0.35462737
MiniGrid-MultiRoom-N2-S4-v0+MiniGrid-MultiRoom-N4-S5-v0,0,MiniGrid-MultiRoom-N4-S5-v0+MiniGrid-MultiRoom-N6-v0,1234,0.0,0.0,0.23025,0.35251543
MiniGrid-MultiRoom-N2-S4-v0+MiniGrid-MultiRoom-N4-S5-v0,0,MiniGrid-MultiRoom-N2-S4-v0+MiniGrid-MultiRoom-N4-S5-v0+MiniGrid-MultiRoom-N6-v0,1234,0.0,0.0,0.47287497,0.38830444
MiniGrid-MultiRoom-N2-S4-v0+MiniGrid-MultiRoom-N6-v0,0,MiniGrid-MultiRoom-N2-S4-v0,1234,0.04375,0.13125001,0.048249997,0.14475
MiniGrid-MultiRoom-N2-S4-v0+MiniGrid-MultiRoom-N6-v0,0,MiniGrid-MultiRoom-N4-S5-v0,1234,0.0,0.0,0.0,0.0
MiniGrid-MultiRoom-N2-S4-v0+MiniGrid-MultiRoom-N6-v0,0,MiniGrid-MultiRoom-N6-v0,1234,0.0,0.0,0.0,0.0
MiniGrid-MultiRoom-N2-S4-v0+MiniGrid-MultiRoom-N6-v0,0,MiniGrid-MultiRoom-N2-S4-v0+MiniGrid-MultiRoom-N4-S5-v0,1234,0.037,0.111,0.0,0.0
MiniGrid-MultiRoom-N2-S4-v0+MiniGrid-MultiRoom-N6-v0,0,MiniGrid-MultiRoom-N2-S4-v0+MiniGrid-MultiRoom-N6-v0,1234,0.0,0.0,0.0,0.0
MiniGrid-MultiRoom-N2-S4-v0+MiniGrid-MultiRoom-N6-v0,0,MiniGrid-MultiRoom-N4-S5-v0+MiniGrid-MultiRoom-N6-v0,1234,0.0,0.0,0.0,0.0
MiniGrid-MultiRoom-N2-S4-v0+MiniGrid-MultiRoom-N6-v0,0,MiniGrid-MultiRoom-N2-S4-v0+MiniGrid-MultiRoom-N4-S5-v0+MiniGrid-MultiRoom-N6-v0,1234,0.0,0.0,0.0,0.0
MiniGrid-MultiRoom-N4-S5-v0+MiniGrid-MultiRoom-N2-S4-v0,0,MiniGrid-MultiRoom-N2-S4-v0,1234,0.04375,0.13125001,0.7615,0.10466733
MiniGrid-MultiRoom-N4-S5-v0+MiniGrid-MultiRoom-N2-S4-v0,0,MiniGrid-MultiRoom-N4-S5-v0,1234,0.0,0.0,0.0,0.0
MiniGrid-MultiRoom-N4-S5-v0+MiniGrid-MultiRoom-N2-S4-v0,0,MiniGrid-MultiRoom-N6-v0,1234,0.0,0.0,0.0,0.0
MiniGrid-MultiRoom-N4-S5-v0+MiniGrid-MultiRoom-N2-S4-v0,0,MiniGrid-MultiRoom-N2-S4-v0+MiniGrid-MultiRoom-N4-S5-v0,1234,0.037,0.111,0.24825001,0.38031903
MiniGrid-MultiRoom-N4-S5-v0+MiniGrid-MultiRoom-N2-S4-v0,0,MiniGrid-MultiRoom-N2-S4-v0+MiniGrid-MultiRoom-N6-v0,1234,0.0,0.0,0.24825001,0.38031903
MiniGrid-MultiRoom-N4-S5-v0+MiniGrid-MultiRoom-N2-S4-v0,0,MiniGrid-MultiRoom-N4-S5-v0+MiniGrid-MultiRoom-N6-v0,1234,0.0,0.0,0.0,0.0
MiniGrid-MultiRoom-N4-S5-v0+MiniGrid-MultiRoom-N2-S4-v0,0,MiniGrid-MultiRoom-N2-S4-v0+MiniGrid-MultiRoom-N4-S5-v0+MiniGrid-MultiRoom-N6-v0,1234,0.0,0.0,0.13475,0.27986702
MiniGrid-MultiRoom-N4-S5-v0+MiniGrid-MultiRoom-N6-v0,0,MiniGrid-MultiRoom-N2-S4-v0,1234,0.04375,0.13125001,0.0,0.0
MiniGrid-MultiRoom-N4-S5-v0+MiniGrid-MultiRoom-N6-v0,0,MiniGrid-MultiRoom-N4-S5-v0,1234,0.0,0.0,0.0,0.0
MiniGrid-MultiRoom-N4-S5-v0+MiniGrid-MultiRoom-N6-v0,0,MiniGrid-MultiRoom-N6-v0,1234,0.0,0.0,0.0,0.0
MiniGrid-MultiRoom-N4-S5-v0+MiniGrid-MultiRoom-N6-v0,0,MiniGrid-MultiRoom-N2-S4-v0+MiniGrid-MultiRoom-N4-S5-v0,1234,0.037,0.111,0.0,0.0
MiniGrid-MultiRoom-N4-S5-v0+MiniGrid-MultiRoom-N6-v0,0,MiniGrid-MultiRoom-N2-S4-v0+MiniGrid-MultiRoom-N6-v0,1234,0.0,0.0,0.0,0.0
MiniGrid-MultiRoom-N4-S5-v0+MiniGrid-MultiRoom-N6-v0,0,MiniGrid-MultiRoom-N4-S5-v0+MiniGrid-MultiRoom-N6-v0,1234,0.0,0.0,0.0,0.0
MiniGrid-MultiRoom-N4-S5-v0+MiniGrid-MultiRoom-N6-v0,0,MiniGrid-MultiRoom-N2-S4-v0+MiniGrid-MultiRoom-N4-S5-v0+MiniGrid-MultiRoom-N6-v0,1234,0.0,0.0,0.0,0.0
MiniGrid-MultiRoom-N6-v0+MiniGrid-MultiRoom-N2-S4-v0,0,MiniGrid-MultiRoom-N2-S4-v0,1234,0.04375,0.13125001,0.0,0.0
MiniGrid-MultiRoom-N6-v0+MiniGrid-MultiRoom-N2-S4-v0,0,MiniGrid-MultiRoom-N4-S5-v0,1234,0.0,0.0,0.0,0.0
MiniGrid-MultiRoom-N6-v0+MiniGrid-MultiRoom-N2-S4-v0,0,MiniGrid-MultiRoom-N6-v0,1234,0.0,0.0,0.0,0.0
MiniGrid-MultiRoom-N6-v0+MiniGrid-MultiRoom-N2-S4-v0,0,MiniGrid-MultiRoom-N2-S4-v0+MiniGrid-MultiRoom-N4-S5-v0,1234,0.037,0.111,0.0,0.0
MiniGrid-MultiRoom-N6-v0+MiniGrid-MultiRoom-N2-S4-v0,0,MiniGrid-MultiRoom-N2-S4-v0+MiniGrid-MultiRoom-N6-v0,1234,0.0,0.0,0.0,0.0
MiniGrid-MultiRoom-N6-v0+MiniGrid-MultiRoom-N2-S4-v0,0,MiniGrid-MultiRoom-N4-S5-v0+MiniGrid-MultiRoom-N6-v0,1234,0.0,0.0,0.0,0.0
MiniGrid-MultiRoom-N6-v0+MiniGrid-MultiRoom-N2-S4-v0,0,MiniGrid-MultiRoom-N2-S4-v0+MiniGrid-MultiRoom-N4-S5-v0+MiniGrid-MultiRoom-N6-v0,1234,0.0,0.0,0.0,0.0
MiniGrid-MultiRoom-N6-v0+MiniGrid-MultiRoom-N4-S5-v0,0,MiniGrid-MultiRoom-N2-S4-v0,1234,0.04375,0.13125001,0.156,0.25259453
MiniGrid-MultiRoom-N6-v0+MiniGrid-MultiRoom-N4-S5-v0,0,MiniGrid-MultiRoom-N4-S5-v0,1234,0.0,0.0,0.0,0.0
MiniGrid-MultiRoom-N6-v0+MiniGrid-MultiRoom-N4-S5-v0,0,MiniGrid-MultiRoom-N6-v0,1234,0.0,0.0,0.0,0.0
MiniGrid-MultiRoom-N6-v0+MiniGrid-MultiRoom-N4-S5-v0,0,MiniGrid-MultiRoom-N2-S4-v0+MiniGrid-MultiRoom-N4-S5-v0,1234,0.037,0.111,0.0,0.0
MiniGrid-MultiRoom-N6-v0+MiniGrid-MultiRoom-N4-S5-v0,0,MiniGrid-MultiRoom-N2-S4-v0+MiniGrid-MultiRoom-N6-v0,1234,0.0,0.0,0.0,0.0
MiniGrid-MultiRoom-N6-v0+MiniGrid-MultiRoom-N4-S5-v0,0,MiniGrid-MultiRoom-N4-S5-v0+MiniGrid-MultiRoom-N6-v0,1234,0.0,0.0,0.0,0.0
MiniGrid-MultiRoom-N6-v0+MiniGrid-MultiRoom-N4-S5-v0,0,MiniGrid-MultiRoom-N2-S4-v0+MiniGrid-MultiRoom-N4-S5-v0+MiniGrid-MultiRoom-N6-v0,1234,0.0,0.0,0.0,0.0
MiniGrid-MultiRoom-N2-S4-v0+MiniGrid-MultiRoom-N4-S5-v0+MiniGrid-MultiRoom-N6-v0,0,MiniGrid-MultiRoom-N2-S4-v0,1234,0.04375,0.13125001,0.25475,0.32858685
MiniGrid-MultiRoom-N2-S4-v0+MiniGrid-MultiRoom-N4-S5-v0+MiniGrid-MultiRoom-N6-v0,0,MiniGrid-MultiRoom-N4-S5-v0,1234,0.0,0.0,0.070625,0.14498627
MiniGrid-MultiRoom-N2-S4-v0+MiniGrid-MultiRoom-N4-S5-v0+MiniGrid-MultiRoom-N6-v0,0,MiniGrid-MultiRoom-N6-v0,1234,0.0,0.0,0.0,0.0
MiniGrid-MultiRoom-N2-S4-v0+MiniGrid-MultiRoom-N4-S5-v0+MiniGrid-MultiRoom-N6-v0,0,MiniGrid-MultiRoom-N2-S4-v0+MiniGrid-MultiRoom-N4-S5-v0,1234,0.037,0.111,0.03475,0.10424999
MiniGrid-MultiRoom-N2-S4-v0+MiniGrid-MultiRoom-N4-S5-v0+MiniGrid-MultiRoom-N6-v0,0,MiniGrid-MultiRoom-N2-S4-v0+MiniGrid-MultiRoom-N6-v0,1234,0.0,0.0,0.100999996,0.22567454
MiniGrid-MultiRoom-N2-S4-v0+MiniGrid-MultiRoom-N4-S5-v0+MiniGrid-MultiRoom-N6-v0,0,MiniGrid-MultiRoom-N4-S5-v0+MiniGrid-MultiRoom-N6-v0,1234,0.0,0.0,0.0,0.0
MiniGrid-MultiRoom-N2-S4-v0+MiniGrid-MultiRoom-N4-S5-v0+MiniGrid-MultiRoom-N6-v0,0,MiniGrid-MultiRoom-N2-S4-v0+MiniGrid-MultiRoom-N4-S5-v0+MiniGrid-MultiRoom-N6-v0,1234,0.0,0.0,0.11675,0.2606004
MiniGrid-MultiRoom-N2-S4-v0+MiniGrid-MultiRoom-N6-v0+MiniGrid-MultiRoom-N4-S5-v0,0,MiniGrid-MultiRoom-N2-S4-v0,1234,0.04375,0.13125001,0.0,0.0
MiniGrid-MultiRoom-N2-S4-v0+MiniGrid-MultiRoom-N6-v0+MiniGrid-MultiRoom-N4-S5-v0,0,MiniGrid-MultiRoom-N4-S5-v0,1234,0.0,0.0,0.0,0.0
MiniGrid-MultiRoom-N2-S4-v0+MiniGrid-MultiRoom-N6-v0+MiniGrid-MultiRoom-N4-S5-v0,0,MiniGrid-MultiRoom-N6-v0,1234,0.0,0.0,0.0,0.0
MiniGrid-MultiRoom-N2-S4-v0+MiniGrid-MultiRoom-N6-v0+MiniGrid-MultiRoom-N4-S5-v0,0,MiniGrid-MultiRoom-N2-S4-v0+MiniGrid-MultiRoom-N4-S5-v0,1234,0.037,0.111,0.0,0.0
MiniGrid-MultiRoom-N2-S4-v0+MiniGrid-MultiRoom-N6-v0+MiniGrid-MultiRoom-N4-S5-v0,0,MiniGrid-MultiRoom-N2-S4-v0+MiniGrid-MultiRoom-N6-v0,1234,0.0,0.0,0.0,0.0
MiniGrid-MultiRoom-N2-S4-v0+MiniGrid-MultiRoom-N6-v0+MiniGrid-MultiRoom-N4-S5-v0,0,MiniGrid-MultiRoom-N4-S5-v0+MiniGrid-MultiRoom-N6-v0,1234,0.0,0.0,0.0,0.0
MiniGrid-MultiRoom-N2-S4-v0+MiniGrid-MultiRoom-N6-v0+MiniGrid-MultiRoom-N4-S5-v0,0,MiniGrid-MultiRoom-N2-S4-v0+MiniGrid-MultiRoom-N4-S5-v0+MiniGrid-MultiRoom-N6-v0,1234,0.0,0.0,0.0,0.0
MiniGrid-MultiRoom-N4-S5-v0+MiniGrid-MultiRoom-N2-S4-v0+MiniGrid-MultiRoom-N6-v0,0,MiniGrid-MultiRoom-N2-S4-v0,1234,0.04375,0.13125001,0.0,0.0
MiniGrid-MultiRoom-N4-S5-v0+MiniGrid-MultiRoom-N2-S4-v0+MiniGrid-MultiRoom-N6-v0,0,MiniGrid-MultiRoom-N4-S5-v0,1234,0.0,0.0,0.0,0.0
MiniGrid-MultiRoom-N4-S5-v0+MiniGrid-MultiRoom-N2-S4-v0+MiniGrid-MultiRoom-N6-v0,0,MiniGrid-MultiRoom-N6-v0,1234,0.0,0.0,0.0,0.0
MiniGrid-MultiRoom-N4-S5-v0+MiniGrid-MultiRoom-N2-S4-v0+MiniGrid-MultiRoom-N6-v0,0,MiniGrid-MultiRoom-N2-S4-v0+MiniGrid-MultiRoom-N4-S5-v0,1234,0.037,0.111,0.0,0.0
MiniGrid-MultiRoom-N4-S5-v0+MiniGrid-MultiRoom-N2-S4-v0+MiniGrid-MultiRoom-N6-v0,0,MiniGrid-MultiRoom-N2-S4-v0+MiniGrid-MultiRoom-N6-v0,1234,0.0,0.0,0.0,0.0
MiniGrid-MultiRoom-N4-S5-v0+MiniGrid-MultiRoom-N2-S4-v0+MiniGrid-MultiRoom-N6-v0,0,MiniGrid-MultiRoom-N4-S5-v0+MiniGrid-MultiRoom-N6-v0,1234,0.0,0.0,0.0,0.0
MiniGrid-MultiRoom-N4-S5-v0+MiniGrid-MultiRoom-N2-S4-v0+MiniGrid-MultiRoom-N6-v0,0,MiniGrid-MultiRoom-N2-S4-v0+MiniGrid-MultiRoom-N4-S5-v0+MiniGrid-MultiRoom-N6-v0,1234,0.0,0.0,0.0,0.0
MiniGrid-MultiRoom-N4-S5-v0+MiniGrid-MultiRoom-N6-v0+MiniGrid-MultiRoom-N2-S4-v0,0,MiniGrid-MultiRoom-N2-S4-v0,1234,0.04375,0.13125001,0.0,0.0
MiniGrid-MultiRoom-N4-S5-v0+MiniGrid-MultiRoom-N6-v0+MiniGrid-MultiRoom-N2-S4-v0,0,MiniGrid-MultiRoom-N4-S5-v0,1234,0.0,0.0,0.0,0.0
MiniGrid-MultiRoom-N4-S5-v0+MiniGrid-MultiRoom-N6-v0+MiniGrid-MultiRoom-N2-S4-v0,0,MiniGrid-MultiRoom-N6-v0,1234,0.0,0.0,0.0,0.0
MiniGrid-MultiRoom-N4-S5-v0+MiniGrid-MultiRoom-N6-v0+MiniGrid-MultiRoom-N2-S4-v0,0,MiniGrid-MultiRoom-N2-S4-v0+MiniGrid-MultiRoom-N4-S5-v0,1234,0.037,0.111,0.0,0.0
MiniGrid-MultiRoom-N4-S5-v0+MiniGrid-MultiRoom-N6-v0+MiniGrid-MultiRoom-N2-S4-v0,0,MiniGrid-MultiRoom-N2-S4-v0+MiniGrid-MultiRoom-N6-v0,1234,0.0,0.0,0.0,0.0
MiniGrid-MultiRoom-N4-S5-v0+MiniGrid-MultiRoom-N6-v0+MiniGrid-MultiRoom-N2-S4-v0,0,MiniGrid-MultiRoom-N4-S5-v0+MiniGrid-MultiRoom-N6-v0,1234,0.0,0.0,0.0,0.0
MiniGrid-MultiRoom-N4-S5-v0+MiniGrid-MultiRoom-N6-v0+MiniGrid-MultiRoom-N2-S4-v0,0,MiniGrid-MultiRoom-N2-S4-v0+MiniGrid-MultiRoom-N4-S5-v0+MiniGrid-MultiRoom-N6-v0,1234,0.0,0.0,0.0,0.0
MiniGrid-MultiRoom-N6-v0+MiniGrid-MultiRoom-N2-S4-v0+MiniGrid-MultiRoom-N4-S5-v0,0,MiniGrid-MultiRoom-N2-S4-v0,1234,0.04375,0.13125001,0.0695,0.16062689
MiniGrid-MultiRoom-N6-v0+MiniGrid-MultiRoom-N2-S4-v0+MiniGrid-MultiRoom-N4-S5-v0,0,MiniGrid-MultiRoom-N4-S5-v0,1234,0.0,0.0,0.0,0.0
MiniGrid-MultiRoom-N6-v0+MiniGrid-MultiRoom-N2-S4-v0+MiniGrid-MultiRoom-N4-S5-v0,0,MiniGrid-MultiRoom-N6-v0,1234,0.0,0.0,0.0,0.0
MiniGrid-MultiRoom-N6-v0+MiniGrid-MultiRoom-N2-S4-v0+MiniGrid-MultiRoom-N4-S5-v0,0,MiniGrid-MultiRoom-N2-S4-v0+MiniGrid-MultiRoom-N4-S5-v0,1234,0.037,0.111,0.0,0.0
MiniGrid-MultiRoom-N6-v0+MiniGrid-MultiRoom-N2-S4-v0+MiniGrid-MultiRoom-N4-S5-v0,0,MiniGrid-MultiRoom-N2-S4-v0+MiniGrid-MultiRoom-N6-v0,1234,0.0,0.0,0.0,0.0
MiniGrid-MultiRoom-N6-v0+MiniGrid-MultiRoom-N2-S4-v0+MiniGrid-MultiRoom-N4-S5-v0,0,MiniGrid-MultiRoom-N4-S5-v0+MiniGrid-MultiRoom-N6-v0,1234,0.0,0.0,0.0,0.0
MiniGrid-MultiRoom-N6-v0+MiniGrid-MultiRoom-N2-S4-v0+MiniGrid-MultiRoom-N4-S5-v0,0,MiniGrid-MultiRoom-N2-S4-v0+MiniGrid-MultiRoom-N4-S5-v0+MiniGrid-MultiRoom-N6-v0,1234,0.0,0.0,0.07975,0.23925
MiniGrid-MultiRoom-N6-v0+MiniGrid-MultiRoom-N4-S5-v0+MiniGrid-MultiRoom-N2-S4-v0,0,MiniGrid-MultiRoom-N2-S4-v0,1234,0.04375,0.13125001,0.40100002,0.40218496
MiniGrid-MultiRoom-N6-v0+MiniGrid-MultiRoom-N4-S5-v0+MiniGrid-MultiRoom-N2-S4-v0,0,MiniGrid-MultiRoom-N4-S5-v0,1234,0.0,0.0,0.0,0.0
MiniGrid-MultiRoom-N6-v0+MiniGrid-MultiRoom-N4-S5-v0+MiniGrid-MultiRoom-N2-S4-v0,0,MiniGrid-MultiRoom-N6-v0,1234,0.0,0.0,0.0,0.0
MiniGrid-MultiRoom-N6-v0+MiniGrid-MultiRoom-N4-S5-v0+MiniGrid-MultiRoom-N2-S4-v0,0,MiniGrid-MultiRoom-N2-S4-v0+MiniGrid-MultiRoom-N4-S5-v0,1234,0.037,0.111,0.22125001,0.33980742
MiniGrid-MultiRoom-N6-v0+MiniGrid-MultiRoom-N4-S5-v0+MiniGrid-MultiRoom-N2-S4-v0,0,MiniGrid-MultiRoom-N2-S4-v0+MiniGrid-MultiRoom-N6-v0,1234,0.0,0.0,0.21675,0.33418566
MiniGrid-MultiRoom-N6-v0+MiniGrid-MultiRoom-N4-S5-v0+MiniGrid-MultiRoom-N2-S4-v0,0,MiniGrid-MultiRoom-N4-S5-v0+MiniGrid-MultiRoom-N6-v0,1234,0.0,0.0,0.0,0.0
MiniGrid-MultiRoom-N6-v0+MiniGrid-MultiRoom-N4-S5-v0+MiniGrid-MultiRoom-N2-S4-v0,0,MiniGrid-MultiRoom-N2-S4-v0+MiniGrid-MultiRoom-N4-S5-v0+MiniGrid-MultiRoom-N6-v0,1234,0.0,0.0,0.08875,0.26625
MiniGrid-MultiRoom-N2-S4-v0,1,MiniGrid-MultiRoom-N2-S4-v0,1234,0.0,0.0,0.83125,0.048518687
MiniGrid-MultiRoom-N2-S4-v0,1,MiniGrid-MultiRoom-N4-S5-v0,1234,0.0,0.0,0.146,0.29217333
MiniGrid-MultiRoom-N2-S4-v0,1,MiniGrid-MultiRoom-N6-v0,1234,0.0,0.0,0.0,0.0
MiniGrid-MultiRoom-N2-S4-v0,1,MiniGrid-MultiRoom-N2-S4-v0+MiniGrid-MultiRoom-N4-S5-v0,1234,0.0,0.0,0.37175003,0.3892915
MiniGrid-MultiRoom-N2-S4-v0,1,MiniGrid-MultiRoom-N2-S4-v0+MiniGrid-MultiRoom-N6-v0,1234,0.0,0.0,0.25275,0.38647518
MiniGrid-MultiRoom-N2-S4-v0,1,MiniGrid-MultiRoom-N4-S5-v0+MiniGrid-MultiRoom-N6-v0,1234,0.0,0.0,0.0,0.0
MiniGrid-MultiRoom-N2-S4-v0,1,MiniGrid-MultiRoom-N2-S4-v0+MiniGrid-MultiRoom-N4-S5-v0+MiniGrid-MultiRoom-N6-v0,1234,0.0,0.0,0.169625,0.3397067
MiniGrid-MultiRoom-N4-S5-v0,1,MiniGrid-MultiRoom-N2-S4-v0,1234,0.0,0.0,0.0,0.0
MiniGrid-MultiRoom-N4-S5-v0,1,MiniGrid-MultiRoom-N4-S5-v0,1234,0.0,0.0,0.0,0.0
MiniGrid-MultiRoom-N4-S5-v0,1,MiniGrid-MultiRoom-N6-v0,1234,0.0,0.0,0.0,0.0
MiniGrid-MultiRoom-N4-S5-v0,1,MiniGrid-MultiRoom-N2-S4-v0+MiniGrid-MultiRoom-N4-S5-v0,1234,0.0,0.0,0.0,0.0
MiniGrid-MultiRoom-N4-S5-v0,1,MiniGrid-MultiRoom-N2-S4-v0+MiniGrid-MultiRoom-N6-v0,1234,0.0,0.0,0.0,0.0
MiniGrid-MultiRoom-N4-S5-v0,1,MiniGrid-MultiRoom-N4-S5-v0+MiniGrid-MultiRoom-N6-v0,1234,0.0,0.0,0.0,0.0
MiniGrid-MultiRoom-N4-S5-v0,1,MiniGrid-MultiRoom-N2-S4-v0+MiniGrid-MultiRoom-N4-S5-v0+MiniGrid-MultiRoom-N6-v0,1234,0.0,0.0,0.0,0.0
MiniGrid-MultiRoom-N6-v0,1,MiniGrid-MultiRoom-N2-S4-v0,1234,0.0,0.0,0.0,0.0
MiniGrid-MultiRoom-N6-v0,1,MiniGrid-MultiRoom-N4-S5-v0,1234,0.0,0.0,0.0,0.0
MiniGrid-MultiRoom-N6-v0,1,MiniGrid-MultiRoom-N6-v0,1234,0.0,0.0,0.0,0.0
MiniGrid-MultiRoom-N6-v0,1,MiniGrid-MultiRoom-N2-S4-v0+MiniGrid-MultiRoom-N4-S5-v0,1234,0.0,0.0,0.0,0.0
MiniGrid-MultiRoom-N6-v0,1,MiniGrid-MultiRoom-N2-S4-v0+MiniGrid-MultiRoom-N6-v0,1234,0.0,0.0,0.0,0.0
MiniGrid-MultiRoom-N6-v0,1,MiniGrid-MultiRoom-N4-S5-v0+MiniGrid-MultiRoom-N6-v0,1234,0.0,0.0,0.0,0.0
MiniGrid-MultiRoom-N6-v0,1,MiniGrid-MultiRoom-N2-S4-v0+MiniGrid-MultiRoom-N4-S5-v0+MiniGrid-MultiRoom-N6-v0,1234,0.0,0.0,0.0,0.0
MiniGrid-MultiRoom-N2-S4-v0+MiniGrid-MultiRoom-N4-S5-v0,1,MiniGrid-MultiRoom-N2-S4-v0,1234,0.0,0.0,0.83125,0.048518687
MiniGrid-MultiRoom-N2-S4-v0+MiniGrid-MultiRoom-N4-S5-v0,1,MiniGrid-MultiRoom-N4-S5-v0,1234,0.0,0.0,0.737875,0.038332637
MiniGrid-MultiRoom-N2-S4-v0+MiniGrid-MultiRoom-N4-S5-v0,1,MiniGrid-MultiRoom-N6-v0,1234,0.0,0.0,0.24475,0.3012421
MiniGrid-MultiRoom-N2-S4-v0+MiniGrid-MultiRoom-N4-S5-v0,1,MiniGrid-MultiRoom-N2-S4-v0+MiniGrid-MultiRoom-N4-S5-v0,1234,0.0,0.0,0.79300004,0.041243184
MiniGrid-MultiRoom-N2-S4-v0+MiniGrid-MultiRoom-N4-S5-v0,1,MiniGrid-MultiRoom-N2-S4-v0+MiniGrid-MultiRoom-N6-v0,1234,0.0,0.0,0.30775,0.38572732
MiniGrid-MultiRoom-N2-S4-v0+MiniGrid-MultiRoom-N4-S5-v0,1,MiniGrid-MultiRoom-N4-S5-v0+MiniGrid-MultiRoom-N6-v0,1234,0.0,0.0,0.30162498,0.34063134
MiniGrid-MultiRoom-N2-S4-v0+MiniGrid-MultiRoom-N4-S5-v0,1,MiniGrid-MultiRoom-N2-S4-v0+MiniGrid-MultiRoom-N4-S5-v0+MiniGrid-MultiRoom-N6-v0,1234,0.0,0.0,0.49599996,0.36146912
MiniGrid-MultiRoom-N2-S4-v0+MiniGrid-MultiRoom-N6-v0,1,MiniGrid-MultiRoom-N2-S4-v0,1234,0.0,0.0,0.0,0.0
MiniGrid-MultiRoom-N2-S4-v0+MiniGrid-MultiRoom-N6-v0,1,MiniGrid-MultiRoom-N4-S5-v0,1234,0.0,0.0,0.0,0.0
MiniGrid-MultiRoom-N2-S4-v0+MiniGrid-MultiRoom-N6-v0,1,MiniGrid-MultiRoom-N6-v0,1234,0.0,0.0,0.0,0.0
MiniGrid-MultiRoom-N2-S4-v0+MiniGrid-MultiRoom-N6-v0,1,MiniGrid-MultiRoom-N2-S4-v0+MiniGrid-MultiRoom-N4-S5-v0,1234,0.0,0.0,0.0,0.0
MiniGrid-MultiRoom-N2-S4-v0+MiniGrid-MultiRoom-N6-v0,1,MiniGrid-MultiRoom-N2-S4-v0+MiniGrid-MultiRoom-N6-v0,1234,0.0,0.0,0.0,0.0
MiniGrid-MultiRoom-N2-S4-v0+MiniGrid-MultiRoom-N6-v0,1,MiniGrid-MultiRoom-N4-S5-v0+MiniGrid-MultiRoom-N6-v0,1234,0.0,0.0,0.0,0.0
MiniGrid-MultiRoom-N2-S4-v0+MiniGrid-MultiRoom-N6-v0,1,MiniGrid-MultiRoom-N2-S4-v0+MiniGrid-MultiRoom-N4-S5-v0+MiniGrid-MultiRoom-N6-v0,1234,0.0,0.0,0.0,0.0
MiniGrid-MultiRoom-N4-S5-v0+MiniGrid-MultiRoom-N2-S4-v0,1,MiniGrid-MultiRoom-N2-S4-v0,1234,0.0,0.0,0.71424997,0.13501875
MiniGrid-MultiRoom-N4-S5-v0+MiniGrid-MultiRoom-N2-S4-v0,1,MiniGrid-MultiRoom-N4-S5-v0,1234,0.0,0.0,0.0,0.0
MiniGrid-MultiRoom-N4-S5-v0+MiniGrid-MultiRoom-N2-S4-v0,1,MiniGrid-MultiRoom-N6-v0,1234,0.0,0.0,0.0,0.0
MiniGrid-MultiRoom-N4-S5-v0+MiniGrid-MultiRoom-N2-S4-v0,1,MiniGrid-MultiRoom-N2-S4-v0+MiniGrid-MultiRoom-N4-S5-v0,1234,0.0,0.0,0.23025,0.3526231
MiniGrid-MultiRoom-N4-S5-v0+MiniGrid-MultiRoom-N2-S4-v0,1,MiniGrid-MultiRoom-N2-S4-v0+MiniGrid-MultiRoom-N6-v0,1234,0.0,0.0,0.21225,0.3285602
MiniGrid-MultiRoom-N4-S5-v0+MiniGrid-MultiRoom-N2-S4-v0,1,MiniGrid-MultiRoom-N4-S5-v0+MiniGrid-MultiRoom-N6-v0,1234,0.0,0.0,0.0,0.0
MiniGrid-MultiRoom-N4-S5-v0+MiniGrid-MultiRoom-N2-S4-v0,1,MiniGrid-MultiRoom-N2-S4-v0+MiniGrid-MultiRoom-N4-S5-v0+MiniGrid-MultiRoom-N6-v0,1234,0.0,0.0,0.08875,0.26625
MiniGrid-MultiRoom-N4-S5-v0+MiniGrid-MultiRoom-N6-v0,1,MiniGrid-MultiRoom-N2-S4-v0,1234,0.0,0.0,0.0,0.0
MiniGrid-MultiRoom-N4-S5-v0+MiniGrid-MultiRoom-N6-v0,1,MiniGrid-MultiRoom-N4-S5-v0,1234,0.0,0.0,0.0,0.0
MiniGrid-MultiRoom-N4-S5-v0+MiniGrid-MultiRoom-N6-v0,1,MiniGrid-MultiRoom-N6-v0,1234,0.0,0.0,0.0,0.0
MiniGrid-MultiRoom-N4-S5-v0+MiniGrid-MultiRoom-N6-v0,1,MiniGrid-MultiRoom-N2-S4-v0+MiniGrid-MultiRoom-N4-S5-v0,1234,0.0,0.0,0.0,0.0
MiniGrid-MultiRoom-N4-S5-v0+MiniGrid-MultiRoom-N6-v0,1,MiniGrid-MultiRoom-N2-S4-v0+MiniGrid-MultiRoom-N6-v0,1234,0.0,0.0,0.0,0.0
MiniGrid-MultiRoom-N4-S5-v0+MiniGrid-MultiRoom-N6-v0,1,MiniGrid-MultiRoom-N4-S5-v0+MiniGrid-MultiRoom-N6-v0,1234,0.0,0.0,0.0,0.0
MiniGrid-MultiRoom-N4-S5-v0+MiniGrid-MultiRoom-N6-v0,1,MiniGrid-MultiRoom-N2-S4-v0+MiniGrid-MultiRoom-N4-S5-v0+MiniGrid-MultiRoom-N6-v0,1234,0.0,0.0,0.0,0.0
MiniGrid-MultiRoom-N6-v0+MiniGrid-MultiRoom-N2-S4-v0,1,MiniGrid-MultiRoom-N2-S4-v0,1234,0.0,0.0,0.0,0.0
MiniGrid-MultiRoom-N6-v0+MiniGrid-MultiRoom-N2-S4-v0,1,MiniGrid-MultiRoom-N4-S5-v0,1234,0.0,0.0,0.0,0.0
MiniGrid-MultiRoom-N6-v0+MiniGrid-MultiRoom-N2-S4-v0,1,MiniGrid-MultiRoom-N6-v0,1234,0.0,0.0,0.0,0.0
MiniGrid-MultiRoom-N6-v0+MiniGrid-MultiRoom-N2-S4-v0,1,MiniGrid-MultiRoom-N2-S4-v0+MiniGrid-MultiRoom-N4-S5-v0,1234,0.0,0.0,0.0,0.0
MiniGrid-MultiRoom-N6-v0+MiniGrid-MultiRoom-N2-S4-v0,1,MiniGrid-MultiRoom-N2-S4-v0+MiniGrid-MultiRoom-N6-v0,1234,0.0,0.0,0.0,0.0
MiniGrid-MultiRoom-N6-v0+MiniGrid-MultiRoom-N2-S4-v0,1,MiniGrid-MultiRoom-N4-S5-v0+MiniGrid-MultiRoom-N6-v0,1234,0.0,0.0,0.0,0.0
MiniGrid-MultiRoom-N6-v0+MiniGrid-MultiRoom-N2-S4-v0,1,MiniGrid-MultiRoom-N2-S4-v0+MiniGrid-MultiRoom-N4-S5-v0+MiniGrid-MultiRoom-N6-v0,1234,0.0,0.0,0.0,0.0
MiniGrid-MultiRoom-N6-v0+MiniGrid-MultiRoom-N4-S5-v0,1,MiniGrid-MultiRoom-N2-S4-v0,1234,0.0,0.0,0.0,0.0
MiniGrid-MultiRoom-N6-v0+MiniGrid-MultiRoom-N4-S5-v0,1,MiniGrid-MultiRoom-N4-S5-v0,1234,0.0,0.0,0.0,0.0
MiniGrid-MultiRoom-N6-v0+MiniGrid-MultiRoom-N4-S5-v0,1,MiniGrid-MultiRoom-N6-v0,1234,0.0,0.0,0.0,0.0
MiniGrid-MultiRoom-N6-v0+MiniGrid-MultiRoom-N4-S5-v0,1,MiniGrid-MultiRoom-N2-S4-v0+MiniGrid-MultiRoom-N4-S5-v0,1234,0.0,0.0,0.0,0.0
MiniGrid-MultiRoom-N6-v0+MiniGrid-MultiRoom-N4-S5-v0,1,MiniGrid-MultiRoom-N2-S4-v0+MiniGrid-MultiRoom-N6-v0,1234,0.0,0.0,0.0,0.0
MiniGrid-MultiRoom-N6-v0+MiniGrid-MultiRoom-N4-S5-v0,1,MiniGrid-MultiRoom-N4-S5-v0+MiniGrid-MultiRoom-N6-v0,1234,0.0,0.0,0.0,0.0
MiniGrid-MultiRoom-N6-v0+MiniGrid-MultiRoom-N4-S5-v0,1,MiniGrid-MultiRoom-N2-S4-v0+MiniGrid-MultiRoom-N4-S5-v0+MiniGrid-MultiRoom-N6-v0,1234,0.0,0.0,0.0,0.0
MiniGrid-MultiRoom-N2-S4-v0+MiniGrid-MultiRoom-N4-S5-v0+MiniGrid-MultiRoom-N6-v0,1,MiniGrid-MultiRoom-N2-S4-v0,1234,0.0,0.0,0.0,0.0
MiniGrid-MultiRoom-N2-S4-v0+MiniGrid-MultiRoom-N4-S5-v0+MiniGrid-MultiRoom-N6-v0,1,MiniGrid-MultiRoom-N4-S5-v0,1234,0.0,0.0,0.0,0.0
MiniGrid-MultiRoom-N2-S4-v0+MiniGrid-MultiRoom-N4-S5-v0+MiniGrid-MultiRoom-N6-v0,1,MiniGrid-MultiRoom-N6-v0,1234,0.0,0.0,0.0,0.0
MiniGrid-MultiRoom-N2-S4-v0+MiniGrid-MultiRoom-N4-S5-v0+MiniGrid-MultiRoom-N6-v0,1,MiniGrid-MultiRoom-N2-S4-v0+MiniGrid-MultiRoom-N4-S5-v0,1234,0.0,0.0,0.0,0.0
MiniGrid-MultiRoom-N2-S4-v0+MiniGrid-MultiRoom-N4-S5-v0+MiniGrid-MultiRoom-N6-v0,1,MiniGrid-MultiRoom-N2-S4-v0+MiniGrid-MultiRoom-N6-v0,1234,0.0,0.0,0.0,0.0
MiniGrid-MultiRoom-N2-S4-v0+MiniGrid-MultiRoom-N4-S5-v0+MiniGrid-MultiRoom-N6-v0,1,MiniGrid-MultiRoom-N4-S5-v0+MiniGrid-MultiRoom-N6-v0,1234,0.0,0.0,0.0,0.0
MiniGrid-MultiRoom-N2-S4-v0+MiniGrid-MultiRoom-N4-S5-v0+MiniGrid-MultiRoom-N6-v0,1,MiniGrid-MultiRoom-N2-S4-v0+MiniGrid-MultiRoom-N4-S5-v0+MiniGrid-MultiRoom-N6-v0,1234,0.0,0.0,0.0,0.0
MiniGrid-MultiRoom-N2-S4-v0+MiniGrid-MultiRoom-N6-v0+MiniGrid-MultiRoom-N4-S5-v0,1,MiniGrid-MultiRoom-N2-S4-v0,1234,0.0,0.0,0.082,0.24599998
MiniGrid-MultiRoom-N2-S4-v0+MiniGrid-MultiRoom-N6-v0+MiniGrid-MultiRoom-N4-S5-v0,1,MiniGrid-MultiRoom-N4-S5-v0,1234,0.0,0.0,0.0,0.0
MiniGrid-MultiRoom-N2-S4-v0+MiniGrid-MultiRoom-N6-v0+MiniGrid-MultiRoom-N4-S5-v0,1,MiniGrid-MultiRoom-N6-v0,1234,0.0,0.0,0.0,0.0
MiniGrid-MultiRoom-N2-S4-v0+MiniGrid-MultiRoom-N6-v0+MiniGrid-MultiRoom-N4-S5-v0,1,MiniGrid-MultiRoom-N2-S4-v0+MiniGrid-MultiRoom-N4-S5-v0,1234,0.0,0.0,0.07075,0.21225
MiniGrid-MultiRoom-N2-S4-v0+MiniGrid-MultiRoom-N6-v0+MiniGrid-MultiRoom-N4-S5-v0,1,MiniGrid-MultiRoom-N2-S4-v0+MiniGrid-MultiRoom-N6-v0,1234,0.0,0.0,0.0,0.0
MiniGrid-MultiRoom-N2-S4-v0+MiniGrid-MultiRoom-N6-v0+MiniGrid-MultiRoom-N4-S5-v0,1,MiniGrid-MultiRoom-N4-S5-v0+MiniGrid-MultiRoom-N6-v0,1234,0.0,0.0,0.0,0.0
MiniGrid-MultiRoom-N2-S4-v0+MiniGrid-MultiRoom-N6-v0+MiniGrid-MultiRoom-N4-S5-v0,1,MiniGrid-MultiRoom-N2-S4-v0+MiniGrid-MultiRoom-N4-S5-v0+MiniGrid-MultiRoom-N6-v0,1234,0.0,0.0,0.0,0.0
MiniGrid-MultiRoom-N4-S5-v0+MiniGrid-MultiRoom-N2-S4-v0+MiniGrid-MultiRoom-N6-v0,1,MiniGrid-MultiRoom-N2-S4-v0,1234,0.0,0.0,0.0,0.0
MiniGrid-MultiRoom-N4-S5-v0+MiniGrid-MultiRoom-N2-S4-v0+MiniGrid-MultiRoom-N6-v0,1,MiniGrid-MultiRoom-N4-S5-v0,1234,0.0,0.0,0.0,0.0
MiniGrid-MultiRoom-N4-S5-v0+MiniGrid-MultiRoom-N2-S4-v0+MiniGrid-MultiRoom-N6-v0,1,MiniGrid-MultiRoom-N6-v0,1234,0.0,0.0,0.0,0.0
MiniGrid-MultiRoom-N4-S5-v0+MiniGrid-MultiRoom-N2-S4-v0+MiniGrid-MultiRoom-N6-v0,1,MiniGrid-MultiRoom-N2-S4-v0+MiniGrid-MultiRoom-N4-S5-v0,1234,0.0,0.0,0.0,0.0
MiniGrid-MultiRoom-N4-S5-v0+MiniGrid-MultiRoom-N2-S4-v0+MiniGrid-MultiRoom-N6-v0,1,MiniGrid-MultiRoom-N2-S4-v0+MiniGrid-MultiRoom-N6-v0,1234,0.0,0.0,0.0,0.0
MiniGrid-MultiRoom-N4-S5-v0+MiniGrid-MultiRoom-N2-S4-v0+MiniGrid-MultiRoom-N6-v0,1,MiniGrid-MultiRoom-N4-S5-v0+MiniGrid-MultiRoom-N6-v0,1234,0.0,0.0,0.0,0.0
MiniGrid-MultiRoom-N4-S5-v0+MiniGrid-MultiRoom-N2-S4-v0+MiniGrid-MultiRoom-N6-v0,1,MiniGrid-MultiRoom-N2-S4-v0+MiniGrid-MultiRoom-N4-S5-v0+MiniGrid-MultiRoom-N6-v0,1234,0.0,0.0,0.0,0.0
MiniGrid-MultiRoom-N4-S5-v0+MiniGrid-MultiRoom-N6-v0+MiniGrid-MultiRoom-N2-S4-v0,1,MiniGrid-MultiRoom-N2-S4-v0,1234,0.0,0.0,0.0,0.0
MiniGrid-MultiRoom-N4-S5-v0+MiniGrid-MultiRoom-N6-v0+MiniGrid-MultiRoom-N2-S4-v0,1,MiniGrid-MultiRoom-N4-S5-v0,1234,0.0,0.0,0.0,0.0
MiniGrid-MultiRoom-N4-S5-v0+MiniGrid-MultiRoom-N6-v0+MiniGrid-MultiRoom-N2-S4-v0,1,MiniGrid-MultiRoom-N6-v0,1234,0.0,0.0,0.0,0.0
MiniGrid-MultiRoom-N4-S5-v0+MiniGrid-MultiRoom-N6-v0+MiniGrid-MultiRoom-N2-S4-v0,1,MiniGrid-MultiRoom-N2-S4-v0+MiniGrid-MultiRoom-N4-S5-v0,1234,0.0,0.0,0.0,0.0
MiniGrid-MultiRoom-N4-S5-v0+MiniGrid-MultiRoom-N6-v0+MiniGrid-MultiRoom-N2-S4-v0,1,MiniGrid-MultiRoom-N2-S4-v0+MiniGrid-MultiRoom-N6-v0,1234,0.0,0.0,0.0,0.0
MiniGrid-MultiRoom-N4-S5-v0+MiniGrid-MultiRoom-N6-v0+MiniGrid-MultiRoom-N2-S4-v0,1,MiniGrid-MultiRoom-N4-S5-v0+MiniGrid-MultiRoom-N6-v0,1234,0.0,0.0,0.0,0.0
MiniGrid-MultiRoom-N4-S5-v0+MiniGrid-MultiRoom-N6-v0+MiniGrid-MultiRoom-N2-S4-v0,1,MiniGrid-MultiRoom-N2-S4-v0+MiniGrid-MultiRoom-N4-S5-v0+MiniGrid-MultiRoom-N6-v0,1234,0.0,0.0,0.0,0.0
MiniGrid-MultiRoom-N6-v0+MiniGrid-MultiRoom-N2-S4-v0+MiniGrid-MultiRoom-N4-S5-v0,1,MiniGrid-MultiRoom-N2-S4-v0,1234,0.0,0.0,0.0,0.0
MiniGrid-MultiRoom-N6-v0+MiniGrid-MultiRoom-N2-S4-v0+MiniGrid-MultiRoom-N4-S5-v0,1,MiniGrid-MultiRoom-N4-S5-v0,1234,0.0,0.0,0.0,0.0
MiniGrid-MultiRoom-N6-v0+MiniGrid-MultiRoom-N2-S4-v0+MiniGrid-MultiRoom-N4-S5-v0,1,MiniGrid-MultiRoom-N6-v0,1234,0.0,0.0,0.0,0.0
MiniGrid-MultiRoom-N6-v0+MiniGrid-MultiRoom-N2-S4-v0+MiniGrid-MultiRoom-N4-S5-v0,1,MiniGrid-MultiRoom-N2-S4-v0+MiniGrid-MultiRoom-N4-S5-v0,1234,0.0,0.0,0.0,0.0
MiniGrid-MultiRoom-N6-v0+MiniGrid-MultiRoom-N2-S4-v0+MiniGrid-MultiRoom-N4-S5-v0,1,MiniGrid-MultiRoom-N2-S4-v0+MiniGrid-MultiRoom-N6-v0,1234,0.0,0.0,0.0,0.0
MiniGrid-MultiRoom-N6-v0+MiniGrid-MultiRoom-N2-S4-v0+MiniGrid-MultiRoom-N4-S5-v0,1,MiniGrid-MultiRoom-N4-S5-v0+MiniGrid-MultiRoom-N6-v0,1234,0.0,0.0,0.0,0.0
MiniGrid-MultiRoom-N6-v0+MiniGrid-MultiRoom-N2-S4-v0+MiniGrid-MultiRoom-N4-S5-v0,1,MiniGrid-MultiRoom-N2-S4-v0+MiniGrid-MultiRoom-N4-S5-v0+MiniGrid-MultiRoom-N6-v0,1234,0.0,0.0,0.0,0.0
MiniGrid-MultiRoom-N6-v0+MiniGrid-MultiRoom-N4-S5-v0+MiniGrid-MultiRoom-N2-S4-v0,1,MiniGrid-MultiRoom-N2-S4-v0,1234,0.0,0.0,0.0,0.0
MiniGrid-MultiRoom-N6-v0+MiniGrid-MultiRoom-N4-S5-v0+MiniGrid-MultiRoom-N2-S4-v0,1,MiniGrid-MultiRoom-N4-S5-v0,1234,0.0,0.0,0.0,0.0
MiniGrid-MultiRoom-N6-v0+MiniGrid-MultiRoom-N4-S5-v0+MiniGrid-MultiRoom-N2-S4-v0,1,MiniGrid-MultiRoom-N6-v0,1234,0.0,0.0,0.0,0.0
MiniGrid-MultiRoom-N6-v0+MiniGrid-MultiRoom-N4-S5-v0+MiniGrid-MultiRoom-N2-S4-v0,1,MiniGrid-MultiRoom-N2-S4-v0+MiniGrid-MultiRoom-N4-S5-v0,1234,0.0,0.0,0.0,0.0
MiniGrid-MultiRoom-N6-v0+MiniGrid-MultiRoom-N4-S5-v0+MiniGrid-MultiRoom-N2-S4-v0,1,MiniGrid-MultiRoom-N2-S4-v0+MiniGrid-MultiRoom-N6-v0,1234,0.0,0.0,0.0,0.0
MiniGrid-MultiRoom-N6-v0+MiniGrid-MultiRoom-N4-S5-v0+MiniGrid-MultiRoom-N2-S4-v0,1,MiniGrid-MultiRoom-N4-S5-v0+MiniGrid-MultiRoom-N6-v0,1234,0.0,0.0,0.0,0.0
MiniGrid-MultiRoom-N6-v0+MiniGrid-MultiRoom-N4-S5-v0+MiniGrid-MultiRoom-N2-S4-v0,1,MiniGrid-MultiRoom-N2-S4-v0+MiniGrid-MultiRoom-N4-S5-v0+MiniGrid-MultiRoom-N6-v0,1234,0.0,0.0,0.0,0.0
MiniGrid-MultiRoom-N2-S4-v0,2,MiniGrid-MultiRoom-N2-S4-v0,1234,0.0,0.0,0.82225,0.053670872
MiniGrid-MultiRoom-N2-S4-v0,2,MiniGrid-MultiRoom-N4-S5-v0,1234,0.0,0.0,0.0,0.0
MiniGrid-MultiRoom-N2-S4-v0,2,MiniGrid-MultiRoom-N6-v0,1234,0.0,0.0,0.0,0.0
MiniGrid-MultiRoom-N2-S4-v0,2,MiniGrid-MultiRoom-N2-S4-v0+MiniGrid-MultiRoom-N4-S5-v0,1234,0.0,0.0,0.293125,0.37897855
MiniGrid-MultiRoom-N2-S4-v0,2,MiniGrid-MultiRoom-N2-S4-v0+MiniGrid-MultiRoom-N6-v0,1234,0.0,0.0,0.25050002,0.38335004
MiniGrid-MultiRoom-N2-S4-v0,2,MiniGrid-MultiRoom-N4-S5-v0+MiniGrid-MultiRoom-N6-v0,1234,0.0,0.0,0.03925,0.117750004
MiniGrid-MultiRoom-N2-S4-v0,2,MiniGrid-MultiRoom-N2-S4-v0+MiniGrid-MultiRoom-N4-S5-v0+MiniGrid-MultiRoom-N6-v0,1234,0.0,0.0,0.084249996,0.25275
MiniGrid-MultiRoom-N4-S5-v0,2,MiniGrid-MultiRoom-N2-S4-v0,1234,0.0,0.0,0.0,0.0
MiniGrid-MultiRoom-N4-S5-v0,2,MiniGrid-MultiRoom-N4-S5-v0,1234,0.0,0.0,0.0,0.0
MiniGrid-MultiRoom-N4-S5-v0,2,MiniGrid-MultiRoom-N6-v0,1234,0.0,0.0,0.0,0.0
MiniGrid-MultiRoom-N4-S5-v0,2,MiniGrid-MultiRoom-N2-S4-v0+MiniGrid-MultiRoom-N4-S5-v0,1234,0.0,0.0,0.0,0.0
MiniGrid-MultiRoom-N4-S5-v0,2,MiniGrid-MultiRoom-N2-S4-v0+MiniGrid-MultiRoom-N6-v0,1234,0.0,0.0,0.0,0.0
MiniGrid-MultiRoom-N4-S5-v0,2,MiniGrid-MultiRoom-N4-S5-v0+MiniGrid-MultiRoom-N6-v0,1234,0.0,0.0,0.0,0.0
MiniGrid-MultiRoom-N4-S5-v0,2,MiniGrid-MultiRoom-N2-S4-v0+MiniGrid-MultiRoom-N4-S5-v0+MiniGrid-MultiRoom-N6-v0,1234,0.0,0.0,0.0,0.0
MiniGrid-MultiRoom-N6-v0,2,MiniGrid-MultiRoom-N2-S4-v0,1234,0.0,0.0,0.0,0.0
MiniGrid-MultiRoom-N6-v0,2,MiniGrid-MultiRoom-N4-S5-v0,1234,0.0,0.0,0.0,0.0
MiniGrid-MultiRoom-N6-v0,2,MiniGrid-MultiRoom-N6-v0,1234,0.0,0.0,0.0,0.0
MiniGrid-MultiRoom-N6-v0,2,MiniGrid-MultiRoom-N2-S4-v0+MiniGrid-MultiRoom-N4-S5-v0,1234,0.0,0.0,0.0,0.0
MiniGrid-MultiRoom-N6-v0,2,MiniGrid-MultiRoom-N2-S4-v0+MiniGrid-MultiRoom-N6-v0,1234,0.0,0.0,0.0,0.0
MiniGrid-MultiRoom-N6-v0,2,MiniGrid-MultiRoom-N4-S5-v0+MiniGrid-MultiRoom-N6-v0,1234,0.0,0.0,0.0,0.0
MiniGrid-MultiRoom-N6-v0,2,MiniGrid-MultiRoom-N2-S4-v0+MiniGrid-MultiRoom-N4-S5-v0+MiniGrid-MultiRoom-N6-v0,1234,0.0,0.0,0.0,0.0
MiniGrid-MultiRoom-N2-S4-v0+MiniGrid-MultiRoom-N4-S5-v0,2,MiniGrid-MultiRoom-N2-S4-v0,1234,0.0,0.0,0.83125,0.048518687
MiniGrid-MultiRoom-N2-S4-v0+MiniGrid-MultiRoom-N4-S5-v0,2,MiniGrid-MultiRoom-N4-S5-v0,1234,0.0,0.0,0.74574995,0.03456515
MiniGrid-MultiRoom-N2-S4-v0+MiniGrid-MultiRoom-N4-S5-v0,2,MiniGrid-MultiRoom-N6-v0,1234,0.0,0.0,0.15975001,0.26896435
MiniGrid-MultiRoom-N2-S4-v0+MiniGrid-MultiRoom-N4-S5-v0,2,MiniGrid-MultiRoom-N2-S4-v0+MiniGrid-MultiRoom-N4-S5-v0,1234,0.0,0.0,0.79300004,0.041243184
MiniGrid-MultiRoom-N2-S4-v0+MiniGrid-MultiRoom-N4-S5-v0,2,MiniGrid-MultiRoom-N2-S4-v0+MiniGrid-MultiRoom-N6-v0,1234,0.0,0.0,0.31825,0.39352897
MiniGrid-MultiRoom-N2-S4-v0+MiniGrid-MultiRoom-N4-S5-v0,2,MiniGrid-MultiRoom-N4-S5-v0+MiniGrid-MultiRoom-N6-v0,1234,0.0,0.0,0.29799998,0.36689925
MiniGrid-MultiRoom-N2-S4-v0+MiniGrid-MultiRoom-N4-S5-v0,2,MiniGrid-MultiRoom-N2-S4-v0+MiniGrid-MultiRoom-N4-S5-v0+MiniGrid-MultiRoom-N6-v0,1234,0.0,0.0,0.47737497,0.3915057
MiniGrid-MultiRoom-N2-S4-v0+MiniGrid-MultiRoom-N6-v0,2,MiniGrid-MultiRoom-N2-S4-v0,1234,0.0,0.0,0.0,0.0
MiniGrid-MultiRoom-N2-S4-v0+MiniGrid-MultiRoom-N6-v0,2,MiniGrid-MultiRoom-N4-S5-v0,1234,0.0,0.0,0.0,0.0
MiniGrid-MultiRoom-N2-S4-v0+MiniGrid-MultiRoom-N6-v0,2,MiniGrid-MultiRoom-N6-v0,1234,0.0,0.0,0.0,0.0
MiniGrid-MultiRoom-N2-S4-v0+MiniGrid-MultiRoom-N6-v0,2,MiniGrid-MultiRoom-N2-S4-v0+MiniGrid-MultiRoom-N4-S5-v0,1234,0.0,0.0,0.0,0.0
MiniGrid-MultiRoom-N2-S4-v0+MiniGrid-MultiRoom-N6-v0,2,MiniGrid-MultiRoom-N2-S4-v0+MiniGrid-MultiRoom-N6-v0,1234,0.0,0.0,0.0,0.0
MiniGrid-MultiRoom-N2-S4-v0+MiniGrid-MultiRoom-N6-v0,2,MiniGrid-MultiRoom-N4-S5-v0+MiniGrid-MultiRoom-N6-v0,1234,0.0,0.0,0.0,0.0
MiniGrid-MultiRoom-N2-S4-v0+MiniGrid-MultiRoom-N6-v0,2,MiniGrid-MultiRoom-N2-S4-v0+MiniGrid-MultiRoom-N4-S5-v0+MiniGrid-MultiRoom-N6-v0,1234,0.0,0.0,0.0,0.0
MiniGrid-MultiRoom-N4-S5-v0+MiniGrid-MultiRoom-N2-S4-v0,2,MiniGrid-MultiRoom-N2-S4-v0,1234,0.0,0.0,0.0,0.0
MiniGrid-MultiRoom-N4-S5-v0+MiniGrid-MultiRoom-N2-S4-v0,2,MiniGrid-MultiRoom-N4-S5-v0,1234,0.0,0.0,0.0,0.0
MiniGrid-MultiRoom-N4-S5-v0+MiniGrid-MultiRoom-N2-S4-v0,2,MiniGrid-MultiRoom-N6-v0,1234,0.0,0.0,0.0,0.0
MiniGrid-MultiRoom-N4-S5-v0+MiniGrid-MultiRoom-N2-S4-v0,2,MiniGrid-MultiRoom-N2-S4-v0+MiniGrid-MultiRoom-N4-S5-v0,1234,0.0,0.0,0.028,0.08400001
MiniGrid-MultiRoom-N4-S5-v0+MiniGrid-MultiRoom-N2-S4-v0,2,MiniGrid-MultiRoom-N2-S4-v0+MiniGrid-MultiRoom-N6-v0,1234,0.0,0.0,0.0,0.0
MiniGrid-MultiRoom-N4-S5-v0+MiniGrid-MultiRoom-N2-S4-v0,2,MiniGrid-MultiRoom-N4-S5-v0+MiniGrid-MultiRoom-N6-v0,1234,0.0,0.0,0.0,0.0
MiniGrid-MultiRoom-N4-S5-v0+MiniGrid-MultiRoom-N2-S4-v0,2,MiniGrid-MultiRoom-N2-S4-v0+MiniGrid-MultiRoom-N4-S5-v0+MiniGrid-MultiRoom-N6-v0,1234,0.0,0.0,0.0,0.0
MiniGrid-MultiRoom-N4-S5-v0+MiniGrid-MultiRoom-N6-v0,2,MiniGrid-MultiRoom-N2-S4-v0,1234,0.0,0.0,0.0,0.0
MiniGrid-MultiRoom-N4-S5-v0+MiniGrid-MultiRoom-N6-v0,2,MiniGrid-MultiRoom-N4-S5-v0,1234,0.0,0.0,0.0,0.0
MiniGrid-MultiRoom-N4-S5-v0+MiniGrid-MultiRoom-N6-v0,2,MiniGrid-MultiRoom-N6-v0,1234,0.0,0.0,0.0,0.0
MiniGrid-MultiRoom-N4-S5-v0+MiniGrid-MultiRoom-N6-v0,2,MiniGrid-MultiRoom-N2-S4-v0+MiniGrid-MultiRoom-N4-S5-v0,1234,0.0,0.0,0.0,0.0
MiniGrid-MultiRoom-N4-S5-v0+MiniGrid-MultiRoom-N6-v0,2,MiniGrid-MultiRoom-N2-S4-v0+MiniGrid-MultiRoom-N6-v0,1234,0.0,0.0,0.0,0.0
MiniGrid-MultiRoom-N4-S5-v0+MiniGrid-MultiRoom-N6-v0,2,MiniGrid-MultiRoom-N4-S5-v0+MiniGrid-MultiRoom-N6-v0,1234,0.0,0.0,0.0,0.0
MiniGrid-MultiRoom-N4-S5-v0+MiniGrid-MultiRoom-N6-v0,2,MiniGrid-MultiRoom-N2-S4-v0+MiniGrid-MultiRoom-N4-S5-v0+MiniGrid-MultiRoom-N6-v0,1234,0.0,0.0,0.0,0.0
MiniGrid-MultiRoom-N6-v0+MiniGrid-MultiRoom-N2-S4-v0,2,MiniGrid-MultiRoom-N2-S4-v0,1234,0.0,0.0,0.44,0.27056655
MiniGrid-MultiRoom-N6-v0+MiniGrid-MultiRoom-N2-S4-v0,2,MiniGrid-MultiRoom-N4-S5-v0,1234,0.0,0.0,0.0,0.0
MiniGrid-MultiRoom-N6-v0+MiniGrid-MultiRoom-N2-S4-v0,2,MiniGrid-MultiRoom-N6-v0,1234,0.0,0.0,0.0,0.0
MiniGrid-MultiRoom-N6-v0+MiniGrid-MultiRoom-N2-S4-v0,2,MiniGrid-MultiRoom-N2-S4-v0+MiniGrid-MultiRoom-N4-S5-v0,1234,0.0,0.0,0.0,0.0
MiniGrid-MultiRoom-N6-v0+MiniGrid-MultiRoom-N2-S4-v0,2,MiniGrid-MultiRoom-N2-S4-v0+MiniGrid-MultiRoom-N6-v0,1234,0.0,0.0,0.0,0.0
MiniGrid-MultiRoom-N6-v0+MiniGrid-MultiRoom-N2-S4-v0,2,MiniGrid-MultiRoom-N4-S5-v0+MiniGrid-MultiRoom-N6-v0,1234,0.0,0.0,0.0,0.0
MiniGrid-MultiRoom-N6-v0+MiniGrid-MultiRoom-N2-S4-v0,2,MiniGrid-MultiRoom-N2-S4-v0+MiniGrid-MultiRoom-N4-S5-v0+MiniGrid-MultiRoom-N6-v0,1234,0.0,0.0,0.09199999,0.20083824
MiniGrid-MultiRoom-N6-v0+MiniGrid-MultiRoom-N4-S5-v0,2,MiniGrid-MultiRoom-N2-S4-v0,1234,0.0,0.0,0.0,0.0
MiniGrid-MultiRoom-N6-v0+MiniGrid-MultiRoom-N4-S5-v0,2,MiniGrid-MultiRoom-N4-S5-v0,1234,0.0,0.0,0.0,0.0
MiniGrid-MultiRoom-N6-v0+MiniGrid-MultiRoom-N4-S5-v0,2,MiniGrid-MultiRoom-N6-v0,1234,0.0,0.0,0.0,0.0
MiniGrid-MultiRoom-N6-v0+MiniGrid-MultiRoom-N4-S5-v0,2,MiniGrid-MultiRoom-N2-S4-v0+MiniGrid-MultiRoom-N4-S5-v0,1234,0.0,0.0,0.0,0.0
MiniGrid-MultiRoom-N6-v0+MiniGrid-MultiRoom-N4-S5-v0,2,MiniGrid-MultiRoom-N2-S4-v0+MiniGrid-MultiRoom-N6-v0,1234,0.0,0.0,0.0,0.0
MiniGrid-MultiRoom-N6-v0+MiniGrid-MultiRoom-N4-S5-v0,2,MiniGrid-MultiRoom-N4-S5-v0+MiniGrid-MultiRoom-N6-v0,1234,0.0,0.0,0.0,0.0
MiniGrid-MultiRoom-N6-v0+MiniGrid-MultiRoom-N4-S5-v0,2,MiniGrid-MultiRoom-N2-S4-v0+MiniGrid-MultiRoom-N4-S5-v0+MiniGrid-MultiRoom-N6-v0,1234,0.0,0.0,0.0,0.0
MiniGrid-MultiRoom-N2-S4-v0+MiniGrid-MultiRoom-N4-S5-v0+MiniGrid-MultiRoom-N6-v0,2,MiniGrid-MultiRoom-N2-S4-v0,1234,0.0,0.0,0.0,0.0
MiniGrid-MultiRoom-N2-S4-v0+MiniGrid-MultiRoom-N4-S5-v0+MiniGrid-MultiRoom-N6-v0,2,MiniGrid-MultiRoom-N4-S5-v0,1234,0.0,0.0,0.0,0.0
MiniGrid-MultiRoom-N2-S4-v0+MiniGrid-MultiRoom-N4-S5-v0+MiniGrid-MultiRoom-N6-v0,2,MiniGrid-MultiRoom-N6-v0,1234,0.0,0.0,0.0,0.0
MiniGrid-MultiRoom-N2-S4-v0+MiniGrid-MultiRoom-N4-S5-v0+MiniGrid-MultiRoom-N6-v0,2,MiniGrid-MultiRoom-N2-S4-v0+MiniGrid-MultiRoom-N4-S5-v0,1234,0.0,0.0,0.0,0.0
MiniGrid-MultiRoom-N2-S4-v0+MiniGrid-MultiRoom-N4-S5-v0+MiniGrid-MultiRoom-N6-v0,2,MiniGrid-MultiRoom-N2-S4-v0+MiniGrid-MultiRoom-N6-v0,1234,0.0,0.0,0.0,0.0
MiniGrid-MultiRoom-N2-S4-v0+MiniGrid-MultiRoom-N4-S5-v0+MiniGrid-MultiRoom-N6-v0,2,MiniGrid-MultiRoom-N4-S5-v0+MiniGrid-MultiRoom-N6-v0,1234,0.0,0.0,0.0,0.0
MiniGrid-MultiRoom-N2-S4-v0+MiniGrid-MultiRoom-N4-S5-v0+MiniGrid-MultiRoom-N6-v0,2,MiniGrid-MultiRoom-N2-S4-v0+MiniGrid-MultiRoom-N4-S5-v0+MiniGrid-MultiRoom-N6-v0,1234,0.0,0.0,0.0,0.0
MiniGrid-MultiRoom-N2-S4-v0+MiniGrid-MultiRoom-N6-v0+MiniGrid-MultiRoom-N4-S5-v0,2,MiniGrid-MultiRoom-N2-S4-v0,1234,0.0,0.0,0.0,0.0
MiniGrid-MultiRoom-N2-S4-v0+MiniGrid-MultiRoom-N6-v0+MiniGrid-MultiRoom-N4-S5-v0,2,MiniGrid-MultiRoom-N4-S5-v0,1234,0.0,0.0,0.0,0.0
MiniGrid-MultiRoom-N2-S4-v0+MiniGrid-MultiRoom-N6-v0+MiniGrid-MultiRoom-N4-S5-v0,2,MiniGrid-MultiRoom-N6-v0,1234,0.0,0.0,0.0,0.0
MiniGrid-MultiRoom-N2-S4-v0+MiniGrid-MultiRoom-N6-v0+MiniGrid-MultiRoom-N4-S5-v0,2,MiniGrid-MultiRoom-N2-S4-v0+MiniGrid-MultiRoom-N4-S5-v0,1234,0.0,0.0,0.0,0.0
MiniGrid-MultiRoom-N2-S4-v0+MiniGrid-MultiRoom-N6-v0+MiniGrid-MultiRoom-N4-S5-v0,2,MiniGrid-MultiRoom-N2-S4-v0+MiniGrid-MultiRoom-N6-v0,1234,0.0,0.0,0.0,0.0
MiniGrid-MultiRoom-N2-S4-v0+MiniGrid-MultiRoom-N6-v0+MiniGrid-MultiRoom-N4-S5-v0,2,MiniGrid-MultiRoom-N4-S5-v0+MiniGrid-MultiRoom-N6-v0,1234,0.0,0.0,0.0,0.0
MiniGrid-MultiRoom-N2-S4-v0+MiniGrid-MultiRoom-N6-v0+MiniGrid-MultiRoom-N4-S5-v0,2,MiniGrid-MultiRoom-N2-S4-v0+MiniGrid-MultiRoom-N4-S5-v0+MiniGrid-MultiRoom-N6-v0,1234,0.0,0.0,0.0,0.0
MiniGrid-MultiRoom-N4-S5-v0+MiniGrid-MultiRoom-N2-S4-v0+MiniGrid-MultiRoom-N6-v0,2,MiniGrid-MultiRoom-N2-S4-v0,1234,0.0,0.0,0.0,0.0
MiniGrid-MultiRoom-N4-S5-v0+MiniGrid-MultiRoom-N2-S4-v0+MiniGrid-MultiRoom-N6-v0,2,MiniGrid-MultiRoom-N4-S5-v0,1234,0.0,0.0,0.0,0.0
MiniGrid-MultiRoom-N4-S5-v0+MiniGrid-MultiRoom-N2-S4-v0+MiniGrid-MultiRoom-N6-v0,2,MiniGrid-MultiRoom-N6-v0,1234,0.0,0.0,0.0,0.0
MiniGrid-MultiRoom-N4-S5-v0+MiniGrid-MultiRoom-N2-S4-v0+MiniGrid-MultiRoom-N6-v0,2,MiniGrid-MultiRoom-N2-S4-v0+MiniGrid-MultiRoom-N4-S5-v0,1234,0.0,0.0,0.0,0.0
MiniGrid-MultiRoom-N4-S5-v0+MiniGrid-MultiRoom-N2-S4-v0+MiniGrid-MultiRoom-N6-v0,2,MiniGrid-MultiRoom-N2-S4-v0+MiniGrid-MultiRoom-N6-v0,1234,0.0,0.0,0.0,0.0
MiniGrid-MultiRoom-N4-S5-v0+MiniGrid-MultiRoom-N2-S4-v0+MiniGrid-MultiRoom-N6-v0,2,MiniGrid-MultiRoom-N4-S5-v0+MiniGrid-MultiRoom-N6-v0,1234,0.0,0.0,0.0,0.0
MiniGrid-MultiRoom-N4-S5-v0+MiniGrid-MultiRoom-N2-S4-v0+MiniGrid-MultiRoom-N6-v0,2,MiniGrid-MultiRoom-N2-S4-v0+MiniGrid-MultiRoom-N4-S5-v0+MiniGrid-MultiRoom-N6-v0,1234,0.0,0.0,0.046,0.138
MiniGrid-MultiRoom-N4-S5-v0+MiniGrid-MultiRoom-N6-v0+MiniGrid-MultiRoom-N2-S4-v0,2,MiniGrid-MultiRoom-N2-S4-v0,1234,0.0,0.0,0.05375,0.11664718
MiniGrid-MultiRoom-N4-S5-v0+MiniGrid-MultiRoom-N6-v0+MiniGrid-MultiRoom-N2-S4-v0,2,MiniGrid-MultiRoom-N4-S5-v0,1234,0.0,0.0,0.0,0.0
MiniGrid-MultiRoom-N4-S5-v0+MiniGrid-MultiRoom-N6-v0+MiniGrid-MultiRoom-N2-S4-v0,2,MiniGrid-MultiRoom-N6-v0,1234,0.0,0.0,0.0,0.0
MiniGrid-MultiRoom-N4-S5-v0+MiniGrid-MultiRoom-N6-v0+MiniGrid-MultiRoom-N2-S4-v0,2,MiniGrid-MultiRoom-N2-S4-v0+MiniGrid-MultiRoom-N4-S5-v0,1234,0.0,0.0,0.0,0.0
MiniGrid-MultiRoom-N4-S5-v0+MiniGrid-MultiRoom-N6-v0+MiniGrid-MultiRoom-N2-S4-v0,2,MiniGrid-MultiRoom-N2-S4-v0+MiniGrid-MultiRoom-N6-v0,1234,0.0,0.0,0.0,0.0
MiniGrid-MultiRoom-N4-S5-v0+MiniGrid-MultiRoom-N6-v0+MiniGrid-MultiRoom-N2-S4-v0,2,MiniGrid-MultiRoom-N4-S5-v0+MiniGrid-MultiRoom-N6-v0,1234,0.0,0.0,0.0,0.0
MiniGrid-MultiRoom-N4-S5-v0+MiniGrid-MultiRoom-N6-v0+MiniGrid-MultiRoom-N2-S4-v0,2,MiniGrid-MultiRoom-N2-S4-v0+MiniGrid-MultiRoom-N4-S5-v0+MiniGrid-MultiRoom-N6-v0,1234,0.0,0.0,0.01675,0.05025
MiniGrid-MultiRoom-N6-v0+MiniGrid-MultiRoom-N2-S4-v0+MiniGrid-MultiRoom-N4-S5-v0,2,MiniGrid-MultiRoom-N2-S4-v0,1234,0.0,0.0,0.0,0.0
MiniGrid-MultiRoom-N6-v0+MiniGrid-MultiRoom-N2-S4-v0+MiniGrid-MultiRoom-N4-S5-v0,2,MiniGrid-MultiRoom-N4-S5-v0,1234,0.0,0.0,0.0,0.0
MiniGrid-MultiRoom-N6-v0+MiniGrid-MultiRoom-N2-S4-v0+MiniGrid-MultiRoom-N4-S5-v0,2,MiniGrid-MultiRoom-N6-v0,1234,0.0,0.0,0.0,0.0
MiniGrid-MultiRoom-N6-v0+MiniGrid-MultiRoom-N2-S4-v0+MiniGrid-MultiRoom-N4-S5-v0,2,MiniGrid-MultiRoom-N2-S4-v0+MiniGrid-MultiRoom-N4-S5-v0,1234,0.0,0.0,0.0,0.0
MiniGrid-MultiRoom-N6-v0+MiniGrid-MultiRoom-N2-S4-v0+MiniGrid-MultiRoom-N4-S5-v0,2,MiniGrid-MultiRoom-N2-S4-v0+MiniGrid-MultiRoom-N6-v0,1234,0.0,0.0,0.0,0.0
MiniGrid-MultiRoom-N6-v0+MiniGrid-MultiRoom-N2-S4-v0+MiniGrid-MultiRoom-N4-S5-v0,2,MiniGrid-MultiRoom-N4-S5-v0+MiniGrid-MultiRoom-N6-v0,1234,0.0,0.0,0.0,0.0
MiniGrid-MultiRoom-N6-v0+MiniGrid-MultiRoom-N2-S4-v0+MiniGrid-MultiRoom-N4-S5-v0,2,MiniGrid-MultiRoom-N2-S4-v0+MiniGrid-MultiRoom-N4-S5-v0+MiniGrid-MultiRoom-N6-v0,1234,0.0,0.0,0.0,0.0
MiniGrid-MultiRoom-N6-v0+MiniGrid-MultiRoom-N4-S5-v0+MiniGrid-MultiRoom-N2-S4-v0,2,MiniGrid-MultiRoom-N2-S4-v0,1234,0.0,0.0,0.41224998,0.41303518
MiniGrid-MultiRoom-N6-v0+MiniGrid-MultiRoom-N4-S5-v0+MiniGrid-MultiRoom-N2-S4-v0,2,MiniGrid-MultiRoom-N4-S5-v0,1234,0.0,0.0,0.147125,0.29426077
MiniGrid-MultiRoom-N6-v0+MiniGrid-MultiRoom-N4-S5-v0+MiniGrid-MultiRoom-N2-S4-v0,2,MiniGrid-MultiRoom-N6-v0,1234,0.0,0.0,0.0,0.0
MiniGrid-MultiRoom-N6-v0+MiniGrid-MultiRoom-N4-S5-v0+MiniGrid-MultiRoom-N2-S4-v0,2,MiniGrid-MultiRoom-N2-S4-v0+MiniGrid-MultiRoom-N4-S5-v0,1234,0.0,0.0,0.22350001,0.34293076
MiniGrid-MultiRoom-N6-v0+MiniGrid-MultiRoom-N4-S5-v0+MiniGrid-MultiRoom-N2-S4-v0,2,MiniGrid-MultiRoom-N2-S4-v0+MiniGrid-MultiRoom-N6-v0,1234,0.0,0.0,0.21675,0.33205807
MiniGrid-MultiRoom-N6-v0+MiniGrid-MultiRoom-N4-S5-v0+MiniGrid-MultiRoom-N2-S4-v0,2,MiniGrid-MultiRoom-N4-S5-v0+MiniGrid-MultiRoom-N6-v0,1234,0.0,0.0,0.0,0.0
MiniGrid-MultiRoom-N6-v0+MiniGrid-MultiRoom-N4-S5-v0+MiniGrid-MultiRoom-N2-S4-v0,2,MiniGrid-MultiRoom-N2-S4-v0+MiniGrid-MultiRoom-N4-S5-v0+MiniGrid-MultiRoom-N6-v0,1234,0.0,0.0,0.08875,0.26625
